id,products_fromstore,products_frombrand
carrefour,30844,20865
magasins-u,20856,0
auchan,19588,14657
lidl,16063,6318
leclerc,13037,2660
delhaize,11146,6298
aldi,8232,3825
intermarche,7714,1462
casino,7298,5935
migros,7090,5465
monoprix,5991,3574
tesco,5829,4889
cora,5499,3794
leader-price,5318,5090
rewe,4532,1964
super-u,4202,307
franprix,4182,1957
mercadona,4088,3380
spar,4048,3784
colruyt,3631,789
netto,3451,2022
walmart,3370,131
edeka,3183,2171
marks-spencer,3020,2225
picard,2972,2909
coop,2934,6945
sainsbury-s,2880,1917
carrefour-market,2642,53
meijer,2606,2689
asda,2598,2636
woolworths,2473,559
thiriet,2230,2242
waitrose,2229,2028
kaufland,2069,887
kroger,2051,2369
dia,2024,3077
la-vie-claire,2010,2160
morrisons,1988,2132
biocoop,1825,719
ekoplaza,1819,262
soriana,1613,0
esselunga,1607,1519
alteza,1518,1613
eroski,1516,2524
bonarea,1288,8928
bodega-aurrera,1198,0
metro,1189,301
hacendado,1099,6315
e-leclerc,1095,610
noz,1059,0
coles,892,1033
alnatura,889,1738
trader-joe-s,884,2618
albert-heijn,855,1321
sams-club,828,0
whole-foods,793,105
bennet,785,767
biocoop-caluire,767,0
oxxo,751,0
la-comer,735,0
biedronka,700,115
alcampo,676,101
aldi-sud,675,41
8-a-huit,654,0
proxi,653,0
grand-frais,652,661
norma,630,159
simply-market,622,24
jumbo,620,908
todis,616,603
penny,606,943
sky,600,0
el-corte-ingles,597,1914
hyper-u,592,47
ahorramas,578,0
bio14,555,0
globus,510,262
dm,509,260
conad,509,1937
naturalia,493,372
denner,492,794
costco,481,68
aldi-nord,475,0
continente,470,930
mercado-soriana,457,0
redmart,449,0
u-express,443,0
hema,430,861
geant-casino,422,15
hipercor,422,0
banque-alimentaire,408,0
netto-marken-discount,402,24
u,402,8322
carrefour-city,397,0
geant,391,19
match,388,102
marktkauf,378,0
ica-supermarket,366,0
bilo,312,0
hit,295,27
billa,294,256
sam-s-club,290,0
amazon,287,18
la-belle-iloise,283,373
real,282,226
decathlon,275,51
ica,273,461
пятёрочка,265,0
city-club,253,0
maxi,239,13
iga,238,213
hofer,235,75
willys,232,0
boucheries-andre,231,67
dpiu,226,0
natureo,222,187
k-market,202,0
france,201,0
safeway,199,93
bonpreu,198,1542
ocado,197,69
superu,194,0
rossmann,193,483
bioladen,190,123
bi1,186,29
supersol,184,541
action,184,14
магнит,184,0
iperal,178,0
md,173,54
despar,173,1472
caprabo,165,0
pingo-doce,165,520
simply,164,225
superama,161,0
eurospin,160,42
tang-freres,158,63
satoriz,157,0
consum,149,1463
mcdonald-s,146,167
magasins-bio,146,0
https-integratori-online-ecwid-com,144,0
https-astephanie-goherbalife-com-catalog-home-index-es-us,144,0
irma-dk,142,0
condis,139,439
ikea,139,279
supervalu,138,287
https-supplements-online-ecwid-com-shopping-supplements-online-c121606037,136,0
pharmacie,134,0
dino,134,12
paris-store,132,26
epicerie,129,0
coop-konsum,128,0
toutes-enseignes-gms,126,0
rema-1000,124,230
https-supplements-online-ecwid-com-shopping-online-in-the-world-c116781330,123,0
id-stock,122,0
aire-d-autoroute,122,0
biomonde,119,0
дикси,119,0
l-eau-vive,116,0
tigros,115,0
botanic,114,18
boutiques-la-perle-des-dieux,110,0
eau-vive,108,0
carrefour-contact,107,0
bio-c-bon,107,0
toupargel,106,669
tegut,106,232
supermarche-asie,105,0
g20,104,0
hemkop,104,0
iceland,103,439
netto-md,99,0
supermercados-gigante,99,0
samsclub,99,0
unes,99,394
chedraui,98,0
web,98,0
albert,95,32
magasin-u,92,13
minipreco,92,0
coccinelle,91,0
marjane,88,34
ah,87,397
la-comercial,86,0
coop-5-pour-100,86,0
carefour,84,0
artisans-du-monde,84,202
bio,83,525
comme-j-aime,82,175
вкусвилл,81,107
перекрёсток,80,0
петровский,80,0
promocash,78,78
rimi,78,76
famila,76,0
city-gross,76,0
wal-mart,74,15
armee-de-terre,74,0
supercor-express,74,0
lacomer,74,0
apriba,73,0
penny-market,72,0
s-market,71,0
interspar,71,0
cultures-caves,70,0
rcir,70,0
rohlik-cz,65,0
shoprite,64,1214
cactus,64,176
да,62,0
score,62,0
carefour-market,61,0
markant,61,0
iper,61,260
chronodrive,60,0
veritas,60,417
supermarche,60,0
lupa,60,0
leclerc-drive,59,0
prisma,59,0
dirk,59,0
en-ligne,59,0
centra,58,24
opencor,57,0
provigo,57,0
ntuc-fairprice,57,0
restaurants-du-coeur,57,0
eurospar,57,0
willy-s,56,0
migross,56,348
co-op,56,365
bringmeister,55,0
la-louve,55,0
supermercado,55,0
carrefour-express,54,0
hipermaxi,54,0
σκλαβενίτης,54,0
hypermarche,53,0
super-c,53,0
plus,53,93
crai,53,835
sainsburys,53,552
countdown,52,13
makro,52,98
merkur,51,21
d1,51,0
dunnes-stores,51,285
real-gmbh,49,0
kazidomi,49,120
carrefour-bio,49,2127
gamm-vert,49,0
bio-planet,48,0
pak-n-save,48,0
in-s-mercato,48,19
kiwi,48,0
lider,47,30
mega-image,47,0
chedraoui,47,0
magasin-bio,46,0
m-s,46,849
о-кей,46,0
jumbo-score,46,0
superstore,46,0
manor,45,42
new-world,45,0
pasquier,45,352
in-s,44,36
żabka,44,0
vival,44,0
combi,44,0
supermercados,44,0
heb,44,94
mercado-nacional,44,0
konsum,44,0
magasin-general,43,0
asian-supermarkets,43,0
idea,43,0
go-asia,43,0
supermarket,42,0
greenweez,42,44
alimerka,41,489
target,41,100
systeme-u,41,42
exito,41,28
mila,41,128
geantcasino,41,0
lewiatan,40,21
chlorophylle,40,0
wal-mart-mexico,40,0
internet,40,0
la-ruche-d-alesia,40,0
mymuesli,40,182
społem,39,0
marche,39,0
dunosusa,39,0
la-sirena,39,626
fred-meyer,39,24
esclat,38,0
casa-ametller,38,16
ашан,38,0
lpg,38,0
tesco-extra,38,0
the-co-operative,38,104
405,37,0
walgreens,37,17
bio-nature-et-sante,37,0
vomar,37,0
7-eleven,37,68
føtex,37,0
hoogvliet,36,47
super-aki,36,0
biopanaderia-com,36,0
frendo,36,0
lafourche-fr,36,0
le-marche-des-corbeaux,36,0
utile,36,0
crous-languedoc-roussillon,35,64
cerf-dellier,35,0
champion,35,18
pharmaprix,35,0
dm-drogerie-markt,35,0
lidll,34,0
meny,34,20
bahadourian,34,106
az-sasu-45-rue-heurtault-93300-aubervilliers,34,0
publix,34,485
fr-escalope-de-dinde-a-la-milanaise,34,0
lats,33,0
muller,33,516
il-viaggiator-goloso,33,601
polska-chata,33,0
αβ-βασιλόπουλος,32,0
denn-s,32,0
coto,32,0
groupe-epicia,32,0
wegmans,32,1299
les-nouveaux-robinson,31,0
vollcorner-biomarkt,31,0
marche-omni,31,0
le-jardin-mobile,31,0
marche-bonichoix,31,0
epiceries-valmont,31,0
les-marches-tradition,31,0
le-marche-vegetarien,31,0
jardin-du-mont,31,0
marcel-et-fils,30,0
monop,30,13
tamda,29,0
mg,29,0
7eleven,29,0
quick,29,28
pam,29,41
inter-marche,29,0
freshchoice,29,0
online,29,0
market,28,0
les-comptoirs-de-la-bio,28,0
coop-extra,28,0
supercor,28,0
wing-yip,28,0
no-frills,27,0
farm,27,0
bioplanet,27,0
restaurant,27,0
coop-pronto,27,0
carulla,27,0
bm,27,17
лента,27,0
cote-nature,27,0
coviran,27,711
kaufhof,27,0
grandfrais,27,0
abarrotes,27,0
denn-s-biomarkt,26,0
la-vie-saine,26,0
auchan-supermarche,26,0
kupsch,26,0
la-chouette-coop,26,0
eurospin-italia,26,0
intermache,26,0
extra,25,43
italmark,25,0
coccimarket,25,0
k-citymarket,25,0
distributeur,25,0
picnic,25,22
denns,25,0
sainsbury,24,61
delitraiteur,24,0
pomona,24,29
k-supermarket,24,0
sam-s,24,0
mercator,24,12
kfc,24,99
coloquinte,24,0
aurrera,24,66
supermercato,24,0
b-i1,23,0
karstadt,23,0
hell-s-kitchen-tavern,23,0
билла,23,0
myprotein,23,1422
odin,23,0
naturasi,23,113
okay,23,0
la-grande-epicerie-de-paris,23,206
cameleon,23,0
jewel-osco,23,61
tuodi,23,0
marks-and-spencer,23,432
lindt,23,2501
np,22,0
star-market,22,0
holland-at-home,21,0
masymas,21,19
albert-hein,21,52
soriana-bodega-aurrera,21,0
grande-surface,21,0
nijiya-market,21,0
giant,21,639
sams,21,0
huel-com,21,0
profi,21,14
biocop,21,231
circle-k,21,40
food-wine,21,0
little-extra,20,49
атак,20,0
matsmart,20,0
wallmart,20,0
ccas,20,0
la-perle-des-dieux,20,150
dietetica,20,0
cabesto,20,0
stokrotka,20,0
cvs-pharmacy,19,43
chili-food,19,14
erdi,19,0
reformhaus,19,0
venta-peio,19,0
pao-de-acucar,19,0
okcon-2013,19,0
tau,19,0
carre-des-halles,19,0
disco,19,0
bim,19,0
m-p-restaurants-at-cicg,19,0
пять-шагов,19,0
la-boutique-en-provence,19,0
il-gigante,18,250
adonis,18,0
vente-privee,18,0
верный,18,0
sm,18,0
виктория,18,0
mas,18,0
walmar,18,0
reaute,18,60
ap-hp,18,0
carefour-city,18,0
kiosko,18,0
брусника,17,0
aligro,17,0
galeries-lafayettes,17,0
carrefour-hyper,17,0
boutique-chancerelle,17,0
ls-proxi,17,0
bordeaux,17,43
oceanwaves,17,0
tain-kim-heng,17,0
irena,17,0
kosik-cz,17,0
md-discount,17,0
maximo,17,0
oh-marche-malin,17,0
nu3,17,151
naturgut,17,81
burger-king,17,75
whole-foods-market,17,1075
parapharmacie,17,0
superbiomarkt,17,0
brive,17,0
h-e-b,17,910
big,17,0
karls-markt-ohg,17,0
limoges,17,0
un-monde-vegan,17,0
co-operative,17,0
pasteur,17,0
afkraft,16,0
acima,16,0
bio-c-est-bon,16,0
lescomptoirsdelabio,16,0
starbucks,16,661
k-k,16,0
petit-casino,16,0
framprix,16,0
casino-geant,16,0
distributeur-automatique,16,0
дисма,16,0
suma,16,87
bofrost,16,660
alfamart,16,0
kunturi,16,0
le-grand-panier-bio,16,0
ipercoop,16,0
budni,16,0
schnucks,15,741
boutique-gerard-bertrand,15,0
pick-n-pay,15,0
marche-u,15,0
cba,15,13
gout-qualite,15,0
la-ruche-qui-dit-oui,15,0
leaderprice,15,388
tottus,15,0
dollar-tree,15,0
epicerie-fine,15,0
herbolarios,15,0
gadis,15,22
mercado-do-sol,15,0
olimpica,15,0
franky-getrankemarkt-ag,15,0
dok-supermercati,15,0
celeiro,15,0
atac,15,0
ajanta,15,0
www-chez-tante-edith-com,15,0
grocery-stores,15,0
tuš,15,0
bodega-aurrara,15,0
supermarche-asiatique,14,0
ethiquable,14,492
https-supplements-online-ecwid-com-biscotti-c116968295,14,0
woolworth-s,14,0
sarl-ajm,14,15
ajm,14,14
7-11,14,135
fix-price,14,0
nahkauf,14,0
station-total,14,0
sobeys,14,0
tjx,14,0
royal-house,14,0
atacadao,14,0
kaufpark,14,0
bio-company,14,187
la-trinitaine,14,237
la-superette-bio,14,0
waltmart,14,0
futuroscope,14,0
une-petite-mousse,14,0
leglutenenmoins-com,14,0
grocery,14,0
supermarche-asiatique-independant,14,0
seven-eleven,14,0
supermercati,14,0
kruidvat,13,248
primeur,13,0
al-campo,13,0
vivo,13,177
les-nouveaux-robinsons,13,0
john-lewis,13,0
fortwenger,13,208
coop-prix,13,0
label-vie,13,0
navita-shop,13,0
freshco,13,0
justo-y-bueno,13,0
maxima,13,0
bears-friends,13,14
shop-go,13,0
farmacia,13,0
oscar,13,0
רמי-לוי,13,0
aux-caprices-de-jess,13,17
alepa,13,0
super,13,24
grandes-surfaces,13,0
x-tra,13,15
jager,13,0
houra,13,0
intermarche-express,13,0
boulangerie,13,0
boots,13,103
sequoia,13,0
super-99,12,0
otherwine,12,0
citymarket,12,0
naturata,12,188
атб,12,0
kaufland-w-woj-śląskim,12,0
marcel-fils,12,19
carre-asiatique,12,0
fortinos,12,0
www-bijou-com,12,0
comercial-mexicana,12,0
azur-promo,12,0
apotheke,12,0
коме-цба,12,0
supermarkt,12,0
konzum,12,0
santa-isabel,12,0
la-grande-epicerie-paris,12,19
jan-linders,12,0
fromageries-chabert,12,0
pine-apple,12,0
station-service,12,0
du-bruit-dans-la-cuisine,12,22
спар,12,0
biofrischmarkt,12,0
zodio,12,0
saint-yrieix-la-perche,12,0
nature-et-decouverte,12,0
aveve,12,124
marks-spencer-food,12,0
supeco,12,0
veg-food,12,12
supermarkets,12,0
grande-distribution,12,0
justo-bueno,12,0
key-food,12,458
famille-mary,12,305
союз,12,0
fakta,12,0
azur-bio,12,0
el-ceibo,12,16
bio-coop,11,0
deza,11,0
ls-proxy,11,0
distributeurs-automatiques,11,0
u2,11,14
mas-y-mas,11,0
real-canadian-superstore,11,0
оливье,11,0
premier,11,18
bodylab24,11,0
selgros,11,0
bodybuilding-depot,11,0
parknshop,11,0
hiperdino,11,0
le-comptoir-irlandais,11,0
dollarama,11,0
biobetica,11,19
avion,11,0
d-hamdi,11,0
brin-d-herbe,11,0
cooo,11,0
magasin-specialise-bio,11,0
s-ryhma,11,0
deen,11,19
kvickly,11,0
plaza-vea,11,0
belvibio,11,0
k-ryhma,11,0
пятерочка,11,0
cosco,11,0
franky,11,0
la-anonima,11,0
σκλαβενιτησ,11,0
oxfam,11,114
smeal-fr,11,0
o-cady-plus,10,0
duty-free,10,0
abc-de-bio,10,0
ulrich,10,0
ad-delhaize,10,0
nature-decouvertes,10,12
dipiu,10,0
idstock,10,0
disneyland-paris,10,15
herbolario-navarro,10,0
plaza-rewe,10,0
leclerc-bourg-les-valence,10,0
allfitnessfactory-de,10,0
ara,10,0
la-francesa,10,17
jeff-de-bruges,10,58
le-comptoir-de-mathilde,10,709
coop-bio-nacre,10,0
the-reject-shop,10,0
top,10,33
v-b,10,0
magasins-vert,10,0
chino,10,0
gortat,10,0
loblaws,10,0
hyper-u-le-rond-point,10,0
basic,10,36
biofrais,10,0
lawson,10,0
volg,10,79
fitnessshop-munster,10,0
la-grande-epicerie,10,16
apteka,10,0
ed,10,0
froiz,10,593
indomaret,10,0
prozis,10,1392
mercado-de-nuestra-senora-de-africa,10,0
leclerc-cleunay,10,0
la-fabrique-a-bretzels-a-gundershoffen,10,0
so-bio,10,0
home-bargains,10,0
gross,10,0
galeria,10,0
aziza,10,0
city-market,10,0
carrefour-wodzisław-śląski,9,0
reliance-fresh,9,0
la-pizza-de-nico,9,0
carrefour-jastrzębie,9,0
rohlik,9,0
aldi-sued,9,0
wasgau,9,0
sklavenitis,9,0
mix-markt,9,0
le-mutant,9,0
albert-heijn-xl,9,0
cereprim,9,0
e-center,9,0
mi-comisariato,9,0
truffaut,9,0
site-web,9,0
sain-bio-z,9,0
cocci-market,9,0
boutique-de-la-marque,9,0
coop-alsace,9,0
verkkokauppa-www-spiceschef-com,9,0
spati,9,0
nettorama,9,0
la-maison-de-la-sardine,9,0
hannaford,9,868
le-marche-de-leopold,9,0
panier-sympa,9,0
fitx,9,0
kliver,9,0
penny-markt,9,0
sprouts,9,370
salon-marjolaine,9,0
tiendas-especializadas,9,0
karkki-herkku,9,0
piedemonte-s-iga,9,0
monop-daily,9,67
osher-ad,9,0
la-case-a-bieres,9,0
fresh,9,34
coaliment,9,280
sapori-d-italia,9,18
magik-depot,9,0
bio-co,9,0
rewe-plaza,9,0
carrefour-trifontaine,9,0
кауфланд,9,0
dan-murphys,9,0
i-tec,9,0
b-m,9,0
carrefour-rybnik,9,0
primaprix,9,0
lecler,9,0
max-plus,9,0
www-carlotaorganic-com,9,0
aire-d-autoroute-a-40,9,0
unimarc,9,0
c-nos-terroirs,9,0
mini-preco,9,0
bip-bip,9,0
destock-ouest,9,0
магнолия,9,0
smart,8,61
hofer-kg,8,0
smatch,8,0
oncos,8,0
ecocentro,8,0
emte,8,0
trinkgut,8,0
le-retour-a-la-terre,8,0
l-ethique-verte,8,0
aprop,8,0
aurrera-bodega,8,0
promocash-carrefour,8,0
whole-food,8,0
local-organic-store,8,0
deco,8,626
markkauf,8,0
paul,8,15
holland-barrett,8,196
asie-nord,8,0
gemoss,8,0
aux-cuistots-anonymes,8,0
centre-leclerc,8,0
фасоль,8,0
magasin-bio-specialise,8,0
netto-markendiscount,8,0
vanuxeem,8,0
k-market-niipperi,8,0
aeroport,8,0
stockomani,8,0
oxfam-magasins-du-monde,8,0
fitmart,8,0
centre-e-leclerc,8,0
poli,8,0
epicerie-de-le-vaud,8,0
eleclerc,8,23
puro-shop,8,0
tosano,8,0
sinob,8,16
texaco,8,0
weiss,8,179
piedra,8,0
casa,8,0
dollar-general,8,0
piotr-i-paweł,8,0
mister-fit-de,8,0
monbana,8,286
boostbox,8,0
coccinelle-express,8,0
private-shops,8,0
mercadolibre,8,0
green,8,0
boutique,8,0
teva-castel,8,0
caseba,8,0
joker,8,196
albert-heyn,8,0
твой-дом,8,0
herbolario,8,0
les-fleurs-du-malt,8,0
food-hub,8,0
adeg,8,0
ihr-kaufmann,8,0
comptoir-irlandais,8,0
pricesmart,8,0
wellcome,8,0
myprotein-com,8,0
dollarstore,8,0
ecomax,8,0
magasin-aksil,8,0
four-square,8,0
euro-disney,8,0
универсам-ооо-888,8,0
www-flamencochueca-com,8,0
nicolas,7,0
walmart-sams-club,7,0
elite,7,81
moulins-de-versailles,7,13
relay,7,0
www-bienmanger-com,7,0
food-and-wine,7,0
ametller-origen,7,856
abasthosur,7,0
recanto-do-mel,7,0
epicerie-iga,7,0
bio-monde,7,0
kmart,7,0
food-lion,7,1263
jardiland,7,0
allyouneedfresh,7,0
sainbury-s,7,0
vollcornerbiomarkt,7,0
zehrs,7,0
salon,7,0
aswak-assalam,7,0
checkers,7,0
familymart,7,0
body-fit,7,279
гиппо,7,0
jampi-glacier,7,0
tesco-lotus,7,0
carrefour-playce-palmeraie,7,0
nature-et-decouvertes,7,0
estafette,7,0
supermercado-dinnos,7,0
rema1000,7,0
supermarches,7,0
v-markt,7,0
atakarejo,7,0
santa-lucia,7,18
ipersimply,7,0
https-www-regimesanssel-fr,7,0
noze,7,0
nouveaux-robinsons,7,0
suisse,7,0
mercacentro,7,0
atelier-nubio,7,0
s-ryhman-myymalat,7,0
asian-market,7,0
casino-supermarche,7,0
nantes,7,0
palais-des-thes,7,906
carrefour-sa,7,0
alsuper,7,0
producteur,7,0
ica-kvantum,7,0
franprix-34-rue-hemet-93300-aubervilliers,7,0
musclemeat-nl,7,0
pressbyran,7,0
kusmi-tea,7,405
air-france,7,0
coop-centro-italia,7,0
passionbio-ca,7,0
dieteticas,7,0
www-snackies-fr,7,0
loblaw,7,0
cora-cafeteria,7,0
frequence-bio,7,0
china-market,7,0
detaillants-boucherie,7,0
shoppers-drug-mart,7,0
country-life,7,14
drive,7,0
doha,7,0
karls,7,57
chata-polska,7,0
fortnum-mason,7,162
σκλαβενιτης,7,0
casino-shop,7,0
supermaxi,7,0
dunnes,7,0
grocery-outlet,7,0
class-croute,7,0
mercato,7,0
coop-jednota,7,0
barwa-village,7,0
todas,6,0
седьмой-континент,6,0
smiths-farm-shop,6,0
confiserie-leblanc,6,0
qfc,6,0
ferme-la,6,0
beillevaire,6,178
bottega-culinaria,6,0
eurasie-bordeaux,6,0
bio-organicos,6,0
vea,6,0
chr,6,0
o-tera,6,0
la-carniceria,6,0
grandes-et-moyennes-surfaces,6,0
foodshop,6,0
carrefour-market-rue-de-sevres,6,0
tedi,6,0
nutritienda,6,0
carrefour-market-massy,6,0
nanuko,6,0
la-central-gourmet,6,0
british-airways,6,0
rungis-market,6,0
zemidluh,6,0
sutter,6,0
comptoir-local,6,0
iga-extra,6,0
237697330187,6,0
natura-si,6,0
muinatural,6,0
carrefour-market-boulogne,6,0
21-place-hotel-dieu-60000-beauvais-france,6,0
harris-farm,6,0
yaaxtal,6,0
chen-market,6,0
http-carlotaorganic-com,6,0
bar,6,0
easy-market,6,0
plodine,6,0
bonus,6,0
otto-s,6,0
correspondance,6,0
save-on-foods,6,0
eataly,6,0
bio-zitive,6,0
india,6,0
supermarkte,6,0
wholefoods,6,0
naouri,6,0
farmacias-guadalajara,6,0
carquefou,6,0
bio-forum,6,0
sucesores-de-ignacio-lopez,6,0
mic-s-body-shop,6,0
hy-vee,6,885
wikirencontre-17102014-cedalyon,6,0
houra-fr,6,0
leclercq,6,0
grumart,6,0
авоська,6,0
bilka,6,0
tlapaleria-gastronomica,6,0
francap,6,0
ferme-attitude,6,0
testabox,6,0
el-rancho-17,6,0
poundland,6,0
st-michel,6,567
inageya,6,0
brake,6,54
yves-rocher,6,92
tienda-online-de-leche-gaza,6,0
g-detou,6,0
